-- MySQL Script generated by MySQL Workbench
-- Fri Dec 22 14:11:46 2017
-- Model: New Model    Version: 1.0
-- MySQL Workbench Forward Engineering

SET @OLD_UNIQUE_CHECKS=@@UNIQUE_CHECKS, UNIQUE_CHECKS=0;
SET @OLD_FOREIGN_KEY_CHECKS=@@FOREIGN_KEY_CHECKS, FOREIGN_KEY_CHECKS=0;
SET @OLD_SQL_MODE=@@SQL_MODE, SQL_MODE='TRADITIONAL,ALLOW_INVALID_DATES';

-- -----------------------------------------------------
-- Schema mydb
-- -----------------------------------------------------

-- -----------------------------------------------------
-- Schema mydb
-- -----------------------------------------------------
CREATE SCHEMA IF NOT EXISTS `mydb` DEFAULT CHARACTER SET utf8 ;
USE `mydb` ;

-- -----------------------------------------------------
-- Table `mydb`.`tour_types`
-- -----------------------------------------------------
DROP TABLE IF EXISTS `mydb`.`tour_types` ;

CREATE TABLE IF NOT EXISTS `mydb`.`tour_types` (
  `id` INT UNSIGNED NOT NULL,
  `tour_type` VARCHAR(45) NOT NULL,
  PRIMARY KEY (`id`))
ENGINE = InnoDB;

INSERT INTO `tour_types` (`id`,`tour_type`) VALUES (1,"sightseeing"),(2,"transfer"),(3,"shopping"),(4,"excursion");


-- -----------------------------------------------------
-- Table `mydb`.`users`
-- -----------------------------------------------------
DROP TABLE IF EXISTS `mydb`.`users` ;

CREATE TABLE IF NOT EXISTS `mydb`.`users` (
  `id` INT UNSIGNED NOT NULL AUTO_INCREMENT,
  `first_name` VARCHAR(45) NOT NULL,
  `last_name` VARCHAR(45) NOT NULL,
  `email` VARCHAR(45) NOT NULL,
  `password_hash` VARCHAR(45) NOT NULL,
  PRIMARY KEY (`id`))
ENGINE = InnoDB;

INSERT INTO `users` (`id`,`first_name`,`last_name`,`email`,`password_hash`) VALUES (1,"Abra","Tamekah","nulla","XVT45RLN0QT"),(2,"Graham","Maggie","Etiam","NAZ46YJJ3HN"),(3,"Clinton","Alika","lobortis,","MAD39WWC6HZ"),(4,"Nissim","Adele","ac","ORQ76KLN6SO"),(5,"Nathaniel","Claire","Cras","NXY15YPK1YG"),(6,"Naomi","Austin","lobortis,","HRC44WXK8FS"),(7,"Dustin","Ralph","ut","SFJ86XTX6AB"),(8,"September","Fredericka","Vivamus","SVB43LBE4RX"),(9,"Yardley","Jakeem","magnis","LYW49CSS2XB"),(10,"Cain","Pascale","non,","YFO72DEW7QO");
INSERT INTO `users` (`id`,`first_name`,`last_name`,`email`,`password_hash`) VALUES (11,"Isabelle","Stacy","porttitor","ULJ32EPY3VZ"),(12,"Griffith","Kathleen","imperdiet","IPH79HET8GS"),(13,"Lee","Maite","Nullam","WLM53XPR7MU"),(14,"Noble","Rigel","malesuada","YBA95GZC3WG"),(15,"Jamal","Brendan","mauris","JOI82DWD5YJ"),(16,"Kiayada","Tashya","Quisque","EFX49AJA7JS"),(17,"Rae","Rae","Donec","JUO70XIN6SQ"),(18,"Cassady","Clio","Nulla","VZH15ZVR9LD"),(19,"Daquan","Eliana","sem,","UYY18ODE8FQ"),(20,"Joel","Dane","Aliquam","URG49OEF0OL");
INSERT INTO `users` (`id`,`first_name`,`last_name`,`email`,`password_hash`) VALUES (21,"Addison","Dante","Duis","OSC40OIN7EB"),(22,"Abdul","Emily","tincidunt","GFN94XCY1DC"),(23,"Abdul","Shad","congue,","DOC50JKO6JM"),(24,"Sebastian","Montana","nec,","YXC90WQN8ER"),(25,"Quentin","Kiara","nec","GKG23DOF7RW"),(26,"Sigourney","Stella","mauris","GHO61ELF3IU"),(27,"Stella","Tucker","Donec","YAP63WIH2YU"),(28,"Brendan","Nell","Proin","VPJ73EET8DO"),(29,"Bernard","Finn","sit","ANQ57PWH7FG"),(30,"Octavius","Kelly","dui","EKM36ZGQ7HS");
INSERT INTO `users` (`id`,`first_name`,`last_name`,`email`,`password_hash`) VALUES (31,"Xavier","Joelle","dui","XCF27SMT5IR"),(32,"Shay","Hoyt","dictum.","NXQ92KKB4CG"),(33,"Colin","Cheyenne","Nunc","UTH40DDG0PW"),(34,"Peter","Kenneth","nibh.","XSA13JUE2TJ"),(35,"Karleigh","Wing","libero.","MNL91GIB8XC"),(36,"Drake","Nadine","arcu","HSD00WTU3ZR"),(37,"Amal","Harlan","Aliquam","CST18QUE7NI"),(38,"Jana","Anthony","commodo","XAQ60JWW6IR"),(39,"Linda","Rhea","lacus.","FYI54LQC1OL"),(40,"Lynn","Carter","ornare,","AEL05CAB4FQ");
INSERT INTO `users` (`id`,`first_name`,`last_name`,`email`,`password_hash`) VALUES (41,"Christopher","Randall","mauris","JRC37FRX1TB"),(42,"Wyoming","Daphne","eget","ZUQ62BTM0EP"),(43,"Chantale","Adara","varius","LZF46DIR3GF"),(44,"Lael","Price","vestibulum.","YGU13CBI8HX"),(45,"Oren","Justina","purus","ZWG32CIN4YH"),(46,"Ebony","Genevieve","Phasellus","UVX07PMY3GS"),(47,"Hollee","George","dignissim","IGW90ZAZ9PP"),(48,"Tanek","Rebekah","In","JKM26ECT4AW"),(49,"Rajah","Delilah","nonummy","ZVM64BYZ5GI"),(50,"Otto","Fiona","libero","IJL52XQP9TH");
INSERT INTO `users` (`id`,`first_name`,`last_name`,`email`,`password_hash`) VALUES (51,"Erich","Rebekah","dolor.","KVU59VKQ0DX"),(52,"Leigh","Jared","ligula.","ETW91DZX6MU"),(53,"Cherokee","Phelan","placerat","TZW10DGE4CX"),(54,"Jerome","Nina","tristique","DZQ63UMD7VQ"),(55,"Patricia","Fiona","Morbi","NQZ82AXO9RK"),(56,"Oren","Ciaran","purus.","YXO03JUO4RI"),(57,"Heather","Amal","interdum.","IKV37HFP8DC"),(58,"Tashya","Kimberly","elementum,","PUZ98WXZ7ZI"),(59,"Igor","Abel","Aenean","FVM36ZZF5BD"),(60,"Luke","Sebastian","ac","YQW44EOQ6JN");
INSERT INTO `users` (`id`,`first_name`,`last_name`,`email`,`password_hash`) VALUES (61,"TaShya","Prescott","Etiam","KXR24DSP4AR"),(62,"Beck","Lana","pellentesque","NNK91VKN0OD"),(63,"Leila","Gregory","ut","TQY27TTI3TG"),(64,"Beck","Tyler","mattis","XIG12SDM6YD"),(65,"Prescott","Ahmed","porttitor","QEW60TTI5SC"),(66,"Cedric","Frances","Suspendisse","NSS75FGM5SA"),(67,"Daphne","Gavin","risus,","CRK97MUA3ZX"),(68,"Scarlet","Walker","mollis","VNB92YLM9XC"),(69,"Tanner","Jason","aliquam","DHR27YTJ4II"),(70,"Rebekah","Kane","sit","NRX19VJB2TW");
INSERT INTO `users` (`id`,`first_name`,`last_name`,`email`,`password_hash`) VALUES (71,"Zelda","Donovan","est","JQM88COA2VD"),(72,"Hashim","Myles","at","JYQ08QHH2MD"),(73,"Martina","Joan","eget,","HHW82EIO5TM"),(74,"Jonah","Ezekiel","Pellentesque","ERO10UOG2TC"),(75,"Walker","Tamara","Morbi","SPT68PCQ5LJ"),(76,"Inez","Leandra","ullamcorper","ENE51GZR3RJ"),(77,"Clayton","Xavier","Vestibulum","OPY13JLN1AY"),(78,"Troy","Warren","eu,","IMN91HFS3RE"),(79,"Rhonda","Fuller","malesuada","YNE64URU2WR"),(80,"Hayden","Yuli","placerat.","TTG91MWG3PO");
INSERT INTO `users` (`id`,`first_name`,`last_name`,`email`,`password_hash`) VALUES (81,"Ayanna","Dexter","eu","FLI90KOT5UJ"),(82,"Donna","Ori","malesuada.","IZS51PLI9DA"),(83,"Zena","Yen","sapien.","NTN76HPH0GY"),(84,"Hedley","Warren","tellus","JSR09NJO5XO"),(85,"Hayes","TaShya","nec","ZIS12CJS5IS"),(86,"Amaya","Zeph","pede","THZ76NAF1SO"),(87,"Gareth","Hayfa","diam","QOH30UUX1FE"),(88,"Jameson","Hedy","libero","ZUV90QBS6WO"),(89,"Adam","Latifah","mauris","KMK32PMD3DM"),(90,"Hayden","Myles","Cras","BLG11HPC3QB");
INSERT INTO `users` (`id`,`first_name`,`last_name`,`email`,`password_hash`) VALUES (91,"Kaden","Driscoll","viverra.","SZG96BDH9XK"),(92,"Honorato","Alexander","eget,","DNV25RMV7FA"),(93,"Ursula","Elvis","pellentesque","MNQ00GHZ2ZH"),(94,"Chandler","Lucian","Aliquam","ZDM00HDD2IC"),(95,"Joshua","Luke","leo.","PVG17BSS3IY"),(96,"Kieran","Allen","Duis","TWA87VYY2BV"),(97,"Daphne","Camilla","et","DXI02WAT3ZW"),(98,"Lee","Vladimir","urna","BUU70FCM8QC"),(99,"Darius","Clarke","Duis","YRE04AGO3PX"),(100,"Kevin","Levi","sed","CNA85QPX1QC");

-- -----------------------------------------------------
-- Table `mydb`.`tours`
-- -----------------------------------------------------
DROP TABLE IF EXISTS `mydb`.`tours` ;

CREATE TABLE IF NOT EXISTS `mydb`.`tours` (
  `id` INT UNSIGNED NOT NULL AUTO_INCREMENT,
  `hot` TINYINT NOT NULL,
  `price` DOUBLE NOT NULL,
  `duration` INT UNSIGNED NOT NULL,
  `agent_id` INT UNSIGNED NOT NULL,
  `active` TINYINT NOT NULL,
  `tour_types_id` INT UNSIGNED NOT NULL,
  PRIMARY KEY (`id`),
  INDEX `fk_tours_tour_types1_idx` (`tour_types_id` ASC),
  INDEX `fk_tours_users1_idx` (`agent_id` ASC),
  CONSTRAINT `fk_tours_tour_types1`
    FOREIGN KEY (`tour_types_id`)
    REFERENCES `mydb`.`tour_types` (`id`)
    ON DELETE NO ACTION
    ON UPDATE NO ACTION,
  CONSTRAINT `fk_tours_users1`
    FOREIGN KEY (`agent_id`)
    REFERENCES `mydb`.`users` (`id`)
    ON DELETE NO ACTION
    ON UPDATE NO ACTION)
ENGINE = InnoDB;

INSERT INTO `tours` (`id`,`hot`,`price`,`duration`,`agent_id`,`active`,`tour_types_id`) VALUES (1,"0",34664,7,61,"1",3),(2,"0",12108,27,45,"0",2),(3,"1",78630,21,51,"1",1),(4,"1",66402,6,24,"1",2),(5,"1",15825,13,35,"0",2),(6,"1",35304,20,84,"1",2),(7,"1",84458,4,66,"1",2),(8,"0",71149,20,46,"1",4),(9,"1",3003,4,83,"1",4),(10,"0",45717,7,18,"1",1);
INSERT INTO `tours` (`id`,`hot`,`price`,`duration`,`agent_id`,`active`,`tour_types_id`) VALUES (11,"0",12371,3,41,"1",3),(12,"1",98420,12,55,"0",1),(13,"0",14795,12,82,"1",2),(14,"0",40320,7,39,"0",4),(15,"1",7073,18,5,"1",3),(16,"0",12893,23,99,"1",4),(17,"0",93085,14,76,"0",3),(18,"0",25121,8,37,"1",4),(19,"0",31681,2,77,"0",3),(20,"1",4620,30,32,"0",3);
INSERT INTO `tours` (`id`,`hot`,`price`,`duration`,`agent_id`,`active`,`tour_types_id`) VALUES (21,"0",10943,20,6,"1",2),(22,"1",35083,7,63,"0",2),(23,"0",51062,13,45,"1",2),(24,"0",22983,2,51,"1",2),(25,"1",33274,29,76,"0",2),(26,"1",46071,10,50,"0",2),(27,"1",75703,13,70,"0",2),(28,"0",99935,24,54,"0",2),(29,"0",49009,10,98,"1",1),(30,"0",76899,11,80,"1",3);
INSERT INTO `tours` (`id`,`hot`,`price`,`duration`,`agent_id`,`active`,`tour_types_id`) VALUES (31,"0",91301,20,80,"1",4),(32,"1",73752,30,71,"0",4),(33,"0",69419,4,38,"0",1),(34,"0",18069,9,91,"1",1),(35,"0",28291,13,2,"1",2),(36,"1",24136,17,100,"0",3),(37,"0",24567,18,13,"0",1),(38,"1",64514,3,93,"1",1),(39,"1",19528,15,95,"1",2),(40,"0",67090,22,33,"1",2);
INSERT INTO `tours` (`id`,`hot`,`price`,`duration`,`agent_id`,`active`,`tour_types_id`) VALUES (41,"1",47807,28,79,"1",3),(42,"1",64015,22,33,"1",4),(43,"0",54796,24,6,"1",3),(44,"0",55294,13,11,"0",4),(45,"0",68863,12,40,"1",4),(46,"0",12895,27,22,"1",1),(47,"0",99524,8,74,"0",2),(48,"1",37750,25,47,"0",4),(49,"1",38435,4,4,"1",3),(50,"1",22871,29,100,"0",3);
INSERT INTO `tours` (`id`,`hot`,`price`,`duration`,`agent_id`,`active`,`tour_types_id`) VALUES (51,"1",26474,25,79,"0",2),(52,"1",33603,13,88,"0",4),(53,"1",31311,14,42,"0",1),(54,"1",61505,27,29,"1",4),(55,"1",44103,12,49,"0",1),(56,"0",24898,26,58,"1",4),(57,"0",19085,22,75,"0",2),(58,"1",68529,2,45,"0",4),(59,"1",67944,13,72,"1",4),(60,"1",31323,3,15,"0",1);
INSERT INTO `tours` (`id`,`hot`,`price`,`duration`,`agent_id`,`active`,`tour_types_id`) VALUES (61,"0",32537,18,11,"0",2),(62,"0",12379,4,94,"1",4),(63,"0",86030,6,79,"1",2),(64,"1",58661,6,81,"0",1),(65,"1",73715,5,64,"1",3),(66,"0",97942,28,45,"1",1),(67,"0",74375,28,93,"1",3),(68,"0",18489,26,30,"1",4),(69,"0",66069,26,24,"1",4),(70,"0",62281,23,78,"1",3);
INSERT INTO `tours` (`id`,`hot`,`price`,`duration`,`agent_id`,`active`,`tour_types_id`) VALUES (71,"0",15815,29,61,"1",2),(72,"1",14946,27,40,"0",4),(73,"1",12927,14,30,"0",3),(74,"0",5304,19,84,"1",1),(75,"1",17878,25,46,"0",4),(76,"0",10673,27,32,"0",2),(77,"0",81208,28,67,"0",4),(78,"1",77891,28,67,"1",4),(79,"0",64018,15,48,"1",1),(80,"1",8342,28,19,"0",4);
INSERT INTO `tours` (`id`,`hot`,`price`,`duration`,`agent_id`,`active`,`tour_types_id`) VALUES (81,"1",52679,29,96,"1",3),(82,"1",79050,12,41,"1",4),(83,"1",93625,2,8,"1",2),(84,"1",83749,24,90,"0",1),(85,"1",98549,15,84,"0",2),(86,"0",37652,27,56,"1",4),(87,"1",44335,15,59,"1",2),(88,"1",4475,17,28,"1",3),(89,"1",82060,24,19,"0",3),(90,"0",98107,2,85,"1",2);
INSERT INTO `tours` (`id`,`hot`,`price`,`duration`,`agent_id`,`active`,`tour_types_id`) VALUES (91,"0",5449,17,24,"1",2),(92,"1",73582,19,76,"1",4),(93,"1",20733,15,34,"1",4),(94,"0",78057,20,28,"1",3),(95,"0",68247,24,62,"1",3),(96,"0",62448,28,63,"1",1),(97,"1",36678,15,63,"1",2),(98,"1",88903,29,37,"1",3),(99,"1",15665,16,86,"1",2),(100,"1",98745,19,57,"0",3);

-- -----------------------------------------------------
-- Table `mydb`.`orders`
-- -----------------------------------------------------
DROP TABLE IF EXISTS `mydb`.`orders` ;

CREATE TABLE IF NOT EXISTS `mydb`.`orders` (
  `id` INT UNSIGNED NOT NULL AUTO_INCREMENT,
  `date` VARCHAR(45) NOT NULL,
  `active` TINYINT NOT NULL,
  `tour_id` INT UNSIGNED NOT NULL,
  `user_id` INT UNSIGNED NOT NULL,
  PRIMARY KEY (`id`),
  INDEX `fk_orders_users1_idx` (`user_id` ASC),
  INDEX `fk_orders_tours1_idx` (`tour_id` ASC),
  CONSTRAINT `fk_orders_users1`
    FOREIGN KEY (`user_id`)
    REFERENCES `mydb`.`users` (`id`)
    ON DELETE NO ACTION
    ON UPDATE NO ACTION,
  CONSTRAINT `fk_orders_tours1`
    FOREIGN KEY (`tour_id`)
    REFERENCES `mydb`.`tours` (`id`)
    ON DELETE NO ACTION
    ON UPDATE NO ACTION)
ENGINE = InnoDB;

INSERT INTO `orders` (`id`,`date`,`active`,`tour_id`,`user_id`) VALUES (1,"02/17/2017","1",60,76),(2,"06/06/2018","1",37,11),(3,"07/27/2018","0",24,82),(4,"03/17/2017","0",18,90),(5,"08/27/2017","1",48,82),(6,"11/01/2018","0",64,2),(7,"11/05/2018","1",94,54),(8,"08/31/2018","1",18,60),(9,"01/08/2017","0",20,22),(10,"03/24/2017","0",41,85);
INSERT INTO `orders` (`id`,`date`,`active`,`tour_id`,`user_id`) VALUES (11,"10/20/2017","0",98,24),(12,"02/06/2017","1",66,50),(13,"04/19/2017","1",85,98),(14,"07/10/2018","0",50,74),(15,"04/14/2017","1",21,50),(16,"12/23/2017","0",91,52),(17,"03/22/2018","0",36,59),(18,"03/11/2018","0",89,50),(19,"01/16/2018","1",86,94),(20,"06/08/2018","1",83,31);
INSERT INTO `orders` (`id`,`date`,`active`,`tour_id`,`user_id`) VALUES (21,"08/31/2017","1",82,6),(22,"09/23/2018","0",10,66),(23,"09/08/2018","1",85,50),(24,"11/20/2018","0",16,95),(25,"07/27/2018","0",59,12),(26,"10/28/2018","0",68,92),(27,"02/19/2017","0",46,31),(28,"07/16/2017","1",74,72),(29,"10/22/2017","0",29,98),(30,"05/27/2018","0",96,98);
INSERT INTO `orders` (`id`,`date`,`active`,`tour_id`,`user_id`) VALUES (31,"04/08/2018","1",100,57),(32,"06/20/2018","1",16,14),(33,"09/29/2018","0",33,55),(34,"06/08/2017","1",89,26),(35,"02/08/2018","0",9,37),(36,"03/06/2017","1",68,33),(37,"01/28/2017","0",56,34),(38,"06/21/2017","1",90,47),(39,"03/15/2017","0",30,54),(40,"10/15/2017","0",30,37);
INSERT INTO `orders` (`id`,`date`,`active`,`tour_id`,`user_id`) VALUES (41,"12/14/2018","0",22,33),(42,"01/02/2017","1",47,11),(43,"11/23/2018","0",22,7),(44,"01/25/2018","0",44,53),(45,"04/22/2017","1",88,1),(46,"11/05/2018","0",8,34),(47,"10/15/2017","0",26,85),(48,"11/01/2017","1",52,69),(49,"08/17/2018","0",61,98),(50,"10/24/2017","0",17,58);
INSERT INTO `orders` (`id`,`date`,`active`,`tour_id`,`user_id`) VALUES (51,"03/05/2018","1",32,85),(52,"12/20/2017","0",2,17),(53,"11/16/2018","1",51,59),(54,"08/25/2017","0",70,68),(55,"03/18/2018","0",62,48),(56,"07/20/2018","1",90,77),(57,"05/23/2018","1",14,71),(58,"07/27/2017","1",17,81),(59,"07/06/2017","0",86,44),(60,"03/29/2017","1",52,27);
INSERT INTO `orders` (`id`,`date`,`active`,`tour_id`,`user_id`) VALUES (61,"06/03/2018","0",92,61),(62,"09/26/2018","1",5,27),(63,"01/02/2018","1",55,20),(64,"08/24/2018","1",24,14),(65,"05/13/2018","1",26,95),(66,"02/16/2017","1",42,53),(67,"07/13/2018","0",27,44),(68,"04/11/2017","1",93,35),(69,"01/04/2018","1",77,13),(70,"03/28/2018","1",80,6);
INSERT INTO `orders` (`id`,`date`,`active`,`tour_id`,`user_id`) VALUES (71,"08/17/2017","0",50,69),(72,"05/19/2017","1",77,77),(73,"06/25/2017","0",70,95),(74,"10/05/2017","0",29,24),(75,"09/22/2017","1",69,48),(76,"01/19/2017","1",87,42),(77,"10/18/2018","0",28,37),(78,"03/15/2018","0",86,8),(79,"09/01/2018","1",35,78),(80,"02/17/2018","1",30,8);
INSERT INTO `orders` (`id`,`date`,`active`,`tour_id`,`user_id`) VALUES (81,"05/30/2018","0",60,65),(82,"03/31/2017","0",71,85),(83,"10/01/2017","1",29,78),(84,"05/04/2018","0",86,94),(85,"11/05/2018","1",18,32),(86,"12/23/2016","0",21,34),(87,"03/24/2017","1",27,42),(88,"04/03/2018","0",99,20),(89,"05/21/2018","1",3,84),(90,"09/01/2017","0",7,26);
INSERT INTO `orders` (`id`,`date`,`active`,`tour_id`,`user_id`) VALUES (91,"03/15/2018","1",39,80),(92,"05/22/2017","0",83,2),(93,"04/05/2017","1",37,59),(94,"09/30/2017","0",40,68),(95,"07/24/2018","1",73,88),(96,"04/25/2017","0",85,10),(97,"09/29/2018","0",14,77),(98,"08/09/2017","0",72,6),(99,"08/19/2017","0",38,35),(100,"09/06/2018","1",90,64);

-- -----------------------------------------------------
-- Table `mydb`.`permission_names`
-- -----------------------------------------------------
DROP TABLE IF EXISTS `mydb`.`permission_names` ;

CREATE TABLE IF NOT EXISTS `mydb`.`permission_names` (
  `id` INT UNSIGNED NOT NULL,
  `name` VARCHAR(45) NOT NULL,
  PRIMARY KEY (`id`))
ENGINE = InnoDB;

INSERT INTO `permission_names` (`id`,`name`) VALUES (1,"admin"),(2,"agent"),(3,"user");
-- -----------------------------------------------------
-- Table `mydb`.`permissions`
-- -----------------------------------------------------
DROP TABLE IF EXISTS `mydb`.`permissions` ;

CREATE TABLE IF NOT EXISTS `mydb`.`permissions` (
  `id` INT UNSIGNED NOT NULL AUTO_INCREMENT,
  `user_id` INT UNSIGNED NOT NULL,
  `permission_name_id` INT UNSIGNED NOT NULL,
  PRIMARY KEY (`id`),
  INDEX `fk_permissions_permission_names_idx` (`permission_name_id` ASC),
  INDEX `fk_permissions_users1_idx` (`user_id` ASC),
  CONSTRAINT `fk_permissions_permission_names`
    FOREIGN KEY (`permission_name_id`)
    REFERENCES `mydb`.`permission_names` (`id`)
    ON DELETE NO ACTION
    ON UPDATE NO ACTION,
  CONSTRAINT `fk_permissions_users1`
    FOREIGN KEY (`user_id`)
    REFERENCES `mydb`.`users` (`id`)
    ON DELETE NO ACTION
    ON UPDATE NO ACTION)
ENGINE = InnoDB;

INSERT INTO `permissions` (`id`,`user_id`,`permission_name_id`) VALUES (1,49,2),(2,21,3),(3,78,3),(4,80,2),(5,83,1),(6,43,1),(7,8,2),(8,95,1),(9,91,1),(10,93,1);
INSERT INTO `permissions` (`id`,`user_id`,`permission_name_id`) VALUES (11,43,1),(12,65,3),(13,42,2),(14,39,2),(15,56,3),(16,61,3),(17,78,3),(18,45,1),(19,96,2),(20,16,2);
INSERT INTO `permissions` (`id`,`user_id`,`permission_name_id`) VALUES (21,48,2),(22,41,2),(23,6,3),(24,19,1),(25,38,1),(26,31,2),(27,38,2),(28,78,1),(29,2,2),(30,86,2);
INSERT INTO `permissions` (`id`,`user_id`,`permission_name_id`) VALUES (31,26,1),(32,12,1),(33,99,1),(34,6,2),(35,6,2),(36,38,3),(37,80,1),(38,90,3),(39,11,2),(40,26,3);
INSERT INTO `permissions` (`id`,`user_id`,`permission_name_id`) VALUES (41,12,1),(42,24,1),(43,52,1),(44,93,1),(45,74,3),(46,12,1),(47,89,2),(48,39,2),(49,13,2),(50,52,3);
INSERT INTO `permissions` (`id`,`user_id`,`permission_name_id`) VALUES (51,78,3),(52,89,1),(53,40,3),(54,52,2),(55,20,2),(56,5,2),(57,70,2),(58,22,3),(59,57,3),(60,88,3);
INSERT INTO `permissions` (`id`,`user_id`,`permission_name_id`) VALUES (61,52,3),(62,25,2),(63,24,2),(64,21,3),(65,33,3),(66,44,3),(67,76,1),(68,29,2),(69,22,3),(70,4,3);
INSERT INTO `permissions` (`id`,`user_id`,`permission_name_id`) VALUES (71,77,3),(72,77,3),(73,68,1),(74,72,2),(75,62,1),(76,79,3),(77,46,1),(78,58,3),(79,51,2),(80,39,3);
INSERT INTO `permissions` (`id`,`user_id`,`permission_name_id`) VALUES (81,12,3),(82,75,1),(83,80,3),(84,4,2),(85,70,1),(86,56,1),(87,53,1),(88,91,2),(89,30,1),(90,96,1);
INSERT INTO `permissions` (`id`,`user_id`,`permission_name_id`) VALUES (91,23,1),(92,50,1),(93,20,2),(94,41,3),(95,75,1),(96,16,3),(97,81,1),(98,17,2),(99,45,3),(100,24,3);

USE `mydb` ;

-- -----------------------------------------------------
-- Placeholder table for view `mydb`.`view1`
-- -----------------------------------------------------
CREATE TABLE IF NOT EXISTS `mydb`.`view1` (`id` INT);

-- -----------------------------------------------------
-- Placeholder table for view `mydb`.`view2`
-- -----------------------------------------------------
CREATE TABLE IF NOT EXISTS `mydb`.`view2` (`id` INT);

-- -----------------------------------------------------
-- View `mydb`.`view1`
-- -----------------------------------------------------
DROP VIEW IF EXISTS `mydb`.`view1` ;
DROP TABLE IF EXISTS `mydb`.`view1`;
USE `mydb`;


-- -----------------------------------------------------
-- View `mydb`.`view2`
-- -----------------------------------------------------
DROP VIEW IF EXISTS `mydb`.`view2` ;
DROP TABLE IF EXISTS `mydb`.`view2`;
USE `mydb`;


SET SQL_MODE=@OLD_SQL_MODE;
SET FOREIGN_KEY_CHECKS=@OLD_FOREIGN_KEY_CHECKS;
SET UNIQUE_CHECKS=@OLD_UNIQUE_CHECKS;
