-- MySQL Script generated by MySQL Workbench
-- Fri Dec 22 14:11:46 2017
-- Model: New Model    Version: 1.0
-- MySQL Workbench Forward Engineering

SET @OLD_UNIQUE_CHECKS=@@UNIQUE_CHECKS, UNIQUE_CHECKS=0;
SET @OLD_FOREIGN_KEY_CHECKS=@@FOREIGN_KEY_CHECKS, FOREIGN_KEY_CHECKS=0;
SET @OLD_SQL_MODE=@@SQL_MODE, SQL_MODE='TRADITIONAL,ALLOW_INVALID_DATES';

-- -----------------------------------------------------
-- Schema mydb
-- -----------------------------------------------------

-- -----------------------------------------------------
-- Schema mydb
-- -----------------------------------------------------
CREATE SCHEMA IF NOT EXISTS `mydb` DEFAULT CHARACTER SET utf8 ;
USE `mydb` ;

-- -----------------------------------------------------
-- Table `mydb`.`tour_types`
-- -----------------------------------------------------
DROP TABLE IF EXISTS `mydb`.`tour_types` ;

CREATE TABLE IF NOT EXISTS `mydb`.`tour_types` (
  `id` INT UNSIGNED NOT NULL,
  `tour_type` VARCHAR(45) NOT NULL,
  PRIMARY KEY (`id`))
ENGINE = InnoDB;

INSERT INTO `tours` (`id`,`tour_type`) VALUES (1,"sightseeing"),(2,"transfer"),(3,"sightseeing"),(4,"shopping"),(5,"excursion"),(6,"excursion"),(7,"shopping"),(8,"transfer"),(9,"transfer"),(10,"transfer");
INSERT INTO `tours` (`id`,`tour_type`) VALUES (11,"sightseeing"),(12,"transfer"),(13,"sightseeing"),(14,"excursion"),(15,"shopping"),(16,"shopping"),(17,"sightseeing"),(18,"transfer"),(19,"transfer"),(20,"sightseeing");
INSERT INTO `tours` (`id`,`tour_type`) VALUES (21,"sightseeing"),(22,"shopping"),(23,"transfer"),(24,"transfer"),(25,"sightseeing"),(26,"sightseeing"),(27,"shopping"),(28,"transfer"),(29,"excursion"),(30,"shopping");
INSERT INTO `tours` (`id`,`tour_type`) VALUES (31,"shopping"),(32,"sightseeing"),(33,"transfer"),(34,"shopping"),(35,"excursion"),(36,"transfer"),(37,"excursion"),(38,"excursion"),(39,"sightseeing"),(40,"excursion");
INSERT INTO `tours` (`id`,`tour_type`) VALUES (41,"transfer"),(42,"shopping"),(43,"shopping"),(44,"transfer"),(45,"transfer"),(46,"excursion"),(47,"excursion"),(48,"excursion"),(49,"shopping"),(50,"sightseeing");
INSERT INTO `tours` (`id`,`tour_type`) VALUES (51,"shopping"),(52,"sightseeing"),(53,"sightseeing"),(54,"excursion"),(55,"sightseeing"),(56,"sightseeing"),(57,"shopping"),(58,"shopping"),(59,"shopping"),(60,"excursion");
INSERT INTO `tours` (`id`,`tour_type`) VALUES (61,"sightseeing"),(62,"excursion"),(63,"sightseeing"),(64,"shopping"),(65,"shopping"),(66,"shopping"),(67,"shopping"),(68,"shopping"),(69,"sightseeing"),(70,"sightseeing");
INSERT INTO `tours` (`id`,`tour_type`) VALUES (71,"excursion"),(72,"excursion"),(73,"excursion"),(74,"excursion"),(75,"transfer"),(76,"sightseeing"),(77,"excursion"),(78,"shopping"),(79,"transfer"),(80,"transfer");
INSERT INTO `tours` (`id`,`tour_type`) VALUES (81,"transfer"),(82,"sightseeing"),(83,"shopping"),(84,"excursion"),(85,"transfer"),(86,"sightseeing"),(87,"sightseeing"),(88,"sightseeing"),(89,"sightseeing"),(90,"excursion");
INSERT INTO `tours` (`id`,`tour_type`) VALUES (91,"sightseeing"),(92,"transfer"),(93,"shopping"),(94,"shopping"),(95,"sightseeing"),(96,"shopping"),(97,"transfer"),(98,"transfer"),(99,"sightseeing"),(100,"sightseeing");


-- -----------------------------------------------------
-- Table `mydb`.`users`
-- -----------------------------------------------------
DROP TABLE IF EXISTS `mydb`.`users` ;

CREATE TABLE IF NOT EXISTS `mydb`.`users` (
  `id` INT UNSIGNED NOT NULL AUTO_INCREMENT,
  `first_name` VARCHAR(45) NOT NULL,
  `last_name` VARCHAR(45) NOT NULL,
  `email` VARCHAR(45) NOT NULL,
  `password_hash` VARCHAR(45) NOT NULL,
  PRIMARY KEY (`id`))
ENGINE = InnoDB;

INSERT INTO `users` (`id`,`first_name`,`last_name`,`email`,`password_hash`) VALUES (1,"Ann","Snider","accumsan.interdum.libero@sedtortorInteger.com","CLX38WOV7JE"),(2,"Elliott","Bowen","adipiscing@libero.ca","EBB95LMM7HB"),(3,"Linus","Kent","Maecenas.mi@ProinmiAliquam.net","LVZ42FYO2HG"),(4,"Martena","Park","risus.Nunc.ac@Donectempor.org","PHB45BUU9JZ"),(5,"Kyla","Henry","sapien.gravida@magnaSedeu.edu","AVG41AXE5GO"),(6,"Lucy","Parks","vitae.odio.sagittis@Namligulaelit.org","FDI93GJQ4XP"),(7,"Colin","Potter","fringilla.mi@ametconsectetueradipiscing.edu","UUO34LWN0DV"),(8,"Clinton","Oneil","sed@intempuseu.edu","CMC07VXF4VT"),(9,"Riley","Harris","ante@loremluctus.org","OCI27SKX5TW"),(10,"Wade","Hutchinson","mauris.ipsum@augue.edu","ODM75FUI6VE");
INSERT INTO `users` (`id`,`first_name`,`last_name`,`email`,`password_hash`) VALUES (11,"Pearl","Peters","parturient@magna.ca","SPH05KLX8OY"),(12,"Herman","Collins","auctor.velit.Aliquam@Curabiturmassa.ca","CGS06RWH1OX"),(13,"Brendan","Woods","ut@semmollis.edu","FRB08QSQ6CC"),(14,"Martha","Huffman","In.mi@interdumligulaeu.ca","IBW50BKX0TG"),(15,"Burke","Stafford","consequat.lectus@metussitamet.edu","KFQ21HZF2BQ"),(16,"Graiden","Dillard","Duis.risus@adipiscingligulaAenean.co.uk","PGV74EHN7US"),(17,"Kiara","Gentry","Suspendisse.ac.metus@laoreetposuere.net","BQP56FMH8QS"),(18,"Phillip","Snider","facilisis@scelerisquemollisPhasellus.com","LHQ36XHW9AT"),(19,"Merritt","Preston","montes.nascetur@Duis.co.uk","XWP06RAE2DA"),(20,"Blaine","Cooke","auctor.odio@placeratvelit.net","ZCE88PZJ1YC");
INSERT INTO `users` (`id`,`first_name`,`last_name`,`email`,`password_hash`) VALUES (21,"Blossom","Morgan","urna@netus.org","ETC90QUK9PB"),(22,"Deborah","Gray","tellus@tristiqueneque.edu","UIJ54SPW3BY"),(23,"Kylie","Sherman","amet.lorem@fermentum.com","HJB23HDN0RP"),(24,"Jolie","Delacruz","sit.amet@varius.net","GMV20POC5QY"),(25,"Vladimir","Estrada","ut.pellentesque@necluctusfelis.ca","FBK97DIR8NK"),(26,"Madaline","Delgado","magna.Duis.dignissim@erosProinultrices.net","IAR56OCE2VX"),(27,"Lucy","Pennington","consectetuer.cursus@Sednec.co.uk","PQY48YFS5PW"),(28,"Illana","Espinoza","quam@senectuset.co.uk","MXN55YBT0OI"),(29,"Kirk","Knapp","lorem@condimentum.co.uk","SSY75FEZ8TT"),(30,"Frances","Franco","mauris@ut.co.uk","AXA87CJV7LS");
INSERT INTO `users` (`id`,`first_name`,`last_name`,`email`,`password_hash`) VALUES (31,"Kendall","Craig","nisl@ultriciesornare.ca","LTG08LPP0DB"),(32,"Garrison","Mayo","risus.Duis.a@egestas.net","LPP28VMV5ZZ"),(33,"Alexa","Quinn","montes.nascetur@adui.co.uk","XKE84YKJ8SN"),(34,"Cameron","Manning","laoreet.lectus@in.org","WKL04XYV2OQ"),(35,"Forrest","Franco","neque@auguescelerisquemollis.edu","MRW84AGJ8RR"),(36,"Ashton","Ochoa","lectus.sit@luctusvulputate.edu","HIQ66DJZ7GX"),(37,"Ian","Chang","malesuada.vel.convallis@mattisvelit.net","GBE58YWU8XZ"),(38,"Lyle","Russo","id.risus@pretiumet.ca","AGQ10CRY8DG"),(39,"Reece","Sherman","dui.Cras@ut.edu","OGH66VWV9WQ"),(40,"Dana","Hayden","nec@laciniamattisInteger.com","MIE60JNM2LG");
INSERT INTO `users` (`id`,`first_name`,`last_name`,`email`,`password_hash`) VALUES (41,"Brenna","Blankenship","at.risus.Nunc@purusmaurisa.net","TRV16PIR2MF"),(42,"Eagan","Robles","Maecenas.iaculis@Aeneaneuismodmauris.co.uk","MOO44KGU7CX"),(43,"Colton","Wilkins","Mauris.vestibulum@molestie.edu","RSD56IEQ0UW"),(44,"Hunter","Stewart","mi@malesuadaIntegerid.edu","CQU66OKA4IP"),(45,"Avye","Rocha","Donec.felis.orci@acsem.co.uk","YBF77GHL3AJ"),(46,"Micah","Johnston","luctus@utmiDuis.net","NOK11SGW7QF"),(47,"Imani","Nash","Lorem.ipsum.dolor@necmollis.co.uk","QVV75NMW3VC"),(48,"Hayes","Mejia","sed.turpis.nec@temporbibendumDonec.co.uk","KQS55QNF5PE"),(49,"Philip","Barry","nec.tempus@In.co.uk","GHV77AWO6HQ"),(50,"Gary","Holden","et.magnis.dis@duinec.org","IVJ64EEA4ND");
INSERT INTO `users` (`id`,`first_name`,`last_name`,`email`,`password_hash`) VALUES (51,"Alisa","Barnett","luctus.et@egetmetus.co.uk","YPC98STH7ZW"),(52,"Stephen","Myers","parturient@idblandit.co.uk","SZU97TGD2VO"),(53,"Casey","Bennett","Etiam@apurus.ca","KHR61KTI3PX"),(54,"Charde","Golden","massa.rutrum@iaculisquispede.edu","AUS03QSR9WN"),(55,"Octavia","Franco","nibh.dolor@sociisnatoquepenatibus.net","HFG00VKN4CO"),(56,"Allen","Mcneil","sem.vitae@augue.net","LXD72IVJ4LA"),(57,"Elaine","Holden","non.lacinia.at@massarutrummagna.ca","PLY07DKE9DJ"),(58,"Gannon","Meyer","in.faucibus.orci@Sed.net","OUE50YEQ9ZZ"),(59,"Hoyt","Stout","quis.accumsan.convallis@eleifend.co.uk","JZU52KKP0HF"),(60,"Levi","Floyd","Vestibulum.ut@Mauriseu.ca","NKN29ENX0DA");
INSERT INTO `users` (`id`,`first_name`,`last_name`,`email`,`password_hash`) VALUES (61,"Tate","Fletcher","eu.neque@erosProin.co.uk","WUU62JMX0SI"),(62,"Elton","Arnold","cursus.et@faucibus.ca","TBD24SZM5OT"),(63,"Kathleen","Mcgowan","porttitor@etmalesuadafames.org","TWL27JHN4HN"),(64,"Xanthus","Cote","at.pede.Cras@nuncinterdum.net","PGQ45VKE8QS"),(65,"Jacqueline","Pierce","odio.Nam.interdum@mifringillami.ca","EFU66BDP3BK"),(66,"August","Mcdonald","et.magnis.dis@sit.org","ZWQ06TER0EI"),(67,"Ian","Wiggins","diam@Lorem.ca","ABC15PUN0YA"),(68,"Ashton","Hogan","elit.Nulla.facilisi@sitametornare.co.uk","HSU62NSC3LT"),(69,"Alden","Maynard","non.justo.Proin@Donecconsectetuer.ca","LNX03CPL2FF"),(70,"Holly","Everett","erat.vel@ut.edu","MSF21CPH3UL");
INSERT INTO `users` (`id`,`first_name`,`last_name`,`email`,`password_hash`) VALUES (71,"Vincent","Rowland","enim.condimentum@aliquam.net","FUK71XUA9XS"),(72,"Chester","Meyer","blandit.mattis@Praesent.com","UQN85JDX3UN"),(73,"Driscoll","Sims","placerat@Uttinciduntvehicula.ca","AXU84SFW0FN"),(74,"Guy","Briggs","malesuada.fames.ac@etarcuimperdiet.org","AHM62YKI9IR"),(75,"Kuame","Mcgee","sit.amet.risus@Donec.com","NFE06XDH6RN"),(76,"Fuller","Brown","porttitor.tellus.non@maurisutmi.net","DEJ18FKO9WT"),(77,"Latifah","Mathews","dictum.eu.eleifend@tristiquepharetraQuisque.edu","OEW49KRF1ZX"),(78,"Dexter","Woodard","in@tellus.net","QGU06JVK8OD"),(79,"Julie","Ramirez","orci@amet.org","NXM93GLH2SX"),(80,"Lucy","Cook","ultrices.Duis.volutpat@Crasvulputate.org","PGS14NXS9ET");
INSERT INTO `users` (`id`,`first_name`,`last_name`,`email`,`password_hash`) VALUES (81,"Imogene","Goff","in@Suspendissenon.com","XET42QEZ5IB"),(82,"Slade","Benton","nibh.Phasellus.nulla@erat.net","FSH53IVF5GK"),(83,"Brittany","Foster","blandit.mattis@nectempus.com","MBS26VWG5VH"),(84,"Emmanuel","Kelly","orci@ridiculusmusDonec.net","PHA34PRX3NQ"),(85,"Quinn","Saunders","bibendum.ullamcorper.Duis@lobortisquis.edu","CZG16PQL0PC"),(86,"Angela","Hays","tincidunt@odioPhasellusat.co.uk","AQG93WYL6HD"),(87,"Lacey","Foster","netus.et.malesuada@commodoauctor.org","OKE38FXH6PS"),(88,"Kelly","Burnett","eu.ligula@tortor.net","GTA74JAT5RA"),(89,"Echo","Prince","non.dui@porttitor.edu","XPQ14RFL4HQ"),(90,"Fleur","Valenzuela","fermentum.arcu.Vestibulum@ullamcorper.edu","DVW88MOP7JE");
INSERT INTO `users` (`id`,`first_name`,`last_name`,`email`,`password_hash`) VALUES (91,"Buffy","Mcfadden","sed.dolor@velpedeblandit.ca","KEV13YWS7YV"),(92,"Tanner","Bryan","gravida@hendrerita.org","EHI02UDY5RX"),(93,"Uma","Doyle","ante.lectus.convallis@cursusnon.ca","BLT93HCG7TI"),(94,"Stacey","Hansen","elit.pretium.et@penatibus.co.uk","JWD00DBC7NP"),(95,"Erasmus","Pratt","non.lobortis@non.ca","ORN81UOG5PQ"),(96,"Jakeem","Blevins","vulputate.nisi.sem@pharetrased.co.uk","ZWN12RUV3CL"),(97,"Dai","Graham","arcu.Curabitur@libero.ca","JMX09FFP3IO"),(98,"Kyle","Blackburn","ipsum.nunc@utmi.edu","RCB82DPP9VD"),(99,"Craig","Chan","sed.pede@fermentumarcu.net","TKM81KLJ9LK"),(100,"Kyle","Cohen","laoreet.posuere@auctornuncnulla.co.uk","IJK51WGK9KM");

-- -----------------------------------------------------
-- Table `mydb`.`tours`
-- -----------------------------------------------------
DROP TABLE IF EXISTS `mydb`.`tours` ;

CREATE TABLE IF NOT EXISTS `mydb`.`tours` (
  `id` INT UNSIGNED NOT NULL,
  `hot` TINYINT NOT NULL,
  `price` DOUBLE NOT NULL,
  `duration` INT UNSIGNED NOT NULL,
  `agent_id` INT UNSIGNED NOT NULL,
  `active` TINYINT NOT NULL,
  `tour_types_id` INT UNSIGNED NOT NULL,
  PRIMARY KEY (`id`),
  INDEX `fk_tours_tour_types1_idx` (`tour_types_id` ASC),
  INDEX `fk_tours_users1_idx` (`agent_id` ASC),
  CONSTRAINT `fk_tours_tour_types1`
    FOREIGN KEY (`tour_types_id`)
    REFERENCES `mydb`.`tour_types` (`id`)
    ON DELETE NO ACTION
    ON UPDATE NO ACTION,
  CONSTRAINT `fk_tours_users1`
    FOREIGN KEY (`agent_id`)
    REFERENCES `mydb`.`users` (`id`)
    ON DELETE NO ACTION
    ON UPDATE NO ACTION)
ENGINE = InnoDB;

INSERT INTO `tours` (`id`,`hot`,`price`,`duration`,`agent_id`,`active`,`tour_types_id`) VALUES (1,"0",8631,25,60,"0",10),(2,"1",2472,27,81,"1",53),(3,"1",1978,11,45,"0",26),(4,"0",6888,29,96,"0",47),(5,"1",9037,24,36,"0",15),(6,"0",3286,12,44,"1",4),(7,"1",3552,21,17,"1",61),(8,"0",9829,12,97,"1",89),(9,"1",7044,15,78,"0",39),(10,"1",2486,16,97,"1",61);
INSERT INTO `tours` (`id`,`hot`,`price`,`duration`,`agent_id`,`active`,`tour_types_id`) VALUES (11,"1",3676,16,66,"0",53),(12,"1",1060,26,61,"0",53),(13,"1",2711,27,28,"0",72),(14,"1",6074,28,65,"0",8),(15,"0",8055,15,90,"0",28),(16,"0",5055,19,74,"1",27),(17,"1",4269,21,34,"1",48),(18,"0",9684,12,63,"0",42),(19,"0",8970,20,58,"0",96),(20,"1",7751,26,81,"0",68);
INSERT INTO `tours` (`id`,`hot`,`price`,`duration`,`agent_id`,`active`,`tour_types_id`) VALUES (21,"0",1800,13,36,"1",93),(22,"1",9602,20,78,"0",13),(23,"1",5515,26,78,"0",26),(24,"0",3072,16,8,"1",66),(25,"1",7671,26,35,"1",70),(26,"0",3185,27,31,"0",81),(27,"0",8581,24,94,"0",51),(28,"1",7236,19,25,"1",65),(29,"1",9870,29,56,"0",92),(30,"0",2644,14,91,"0",72);
INSERT INTO `tours` (`id`,`hot`,`price`,`duration`,`agent_id`,`active`,`tour_types_id`) VALUES (31,"1",8045,29,15,"1",95),(32,"1",4659,30,32,"0",87),(33,"0",9492,25,5,"0",9),(34,"1",2256,25,98,"1",3),(35,"0",4409,22,36,"1",43),(36,"0",7246,15,29,"1",42),(37,"0",8160,15,89,"0",26),(38,"0",3212,27,98,"0",58),(39,"0",2029,29,97,"0",2),(40,"1",1165,12,33,"1",47);
INSERT INTO `tours` (`id`,`hot`,`price`,`duration`,`agent_id`,`active`,`tour_types_id`) VALUES (41,"0",9406,13,30,"0",43),(42,"0",1876,23,10,"1",14),(43,"0",7996,12,29,"1",80),(44,"1",3928,23,25,"0",30),(45,"0",1086,24,28,"0",72),(46,"0",1132,20,99,"0",22),(47,"1",1381,19,97,"1",50),(48,"1",8849,25,38,"0",10),(49,"1",3203,14,75,"0",82),(50,"0",3999,14,42,"0",53);
INSERT INTO `tours` (`id`,`hot`,`price`,`duration`,`agent_id`,`active`,`tour_types_id`) VALUES (51,"1",2689,13,75,"0",94),(52,"0",6514,10,18,"0",69),(53,"0",9083,25,76,"1",53),(54,"1",8851,13,37,"1",52),(55,"0",3656,15,65,"0",63),(56,"0",3601,23,50,"1",34),(57,"0",8217,21,7,"0",55),(58,"0",5107,13,69,"1",61),(59,"0",6192,19,30,"0",93),(60,"1",2059,16,90,"1",91);
INSERT INTO `tours` (`id`,`hot`,`price`,`duration`,`agent_id`,`active`,`tour_types_id`) VALUES (61,"0",3224,12,45,"0",39),(62,"1",1046,27,73,"0",18),(63,"1",8256,20,67,"0",2),(64,"0",8986,24,55,"1",47),(65,"0",3059,29,15,"0",72),(66,"0",4691,24,52,"0",55),(67,"1",3781,18,86,"1",73),(68,"1",2332,29,54,"1",91),(69,"1",4607,10,93,"0",11),(70,"0",8817,25,83,"1",97);
INSERT INTO `tours` (`id`,`hot`,`price`,`duration`,`agent_id`,`active`,`tour_types_id`) VALUES (71,"1",9520,24,34,"1",49),(72,"1",9424,14,53,"0",70),(73,"0",9277,25,73,"0",18),(74,"0",6563,26,9,"1",33),(75,"0",9794,26,17,"1",65),(76,"0",1103,20,24,"1",38),(77,"0",6368,22,61,"1",20),(78,"1",5423,27,61,"0",36),(79,"1",4587,12,11,"1",73),(80,"1",7781,28,66,"0",11);
INSERT INTO `tours` (`id`,`hot`,`price`,`duration`,`agent_id`,`active`,`tour_types_id`) VALUES (81,"0",5446,28,77,"0",43),(82,"1",4010,12,1,"1",96),(83,"0",4813,16,64,"0",57),(84,"1",8510,17,19,"1",54),(85,"1",4507,20,95,"0",56),(86,"1",6016,10,86,"1",97),(87,"0",4191,18,53,"0",17),(88,"1",4022,10,66,"0",85),(89,"0",1043,26,33,"1",68),(90,"1",7365,20,59,"1",68);
INSERT INTO `tours` (`id`,`hot`,`price`,`duration`,`agent_id`,`active`,`tour_types_id`) VALUES (91,"1",5695,17,45,"1",66),(92,"0",7367,10,57,"1",3),(93,"0",2747,21,21,"1",43),(94,"1",5774,25,39,"0",24),(95,"1",5079,20,50,"1",53),(96,"0",6428,16,48,"0",12),(97,"0",9297,26,39,"1",46),(98,"0",6514,24,3,"0",7),(99,"0",9055,13,54,"0",14),(100,"0",3394,24,3,"1",20);

-- -----------------------------------------------------
-- Table `mydb`.`orders`
-- -----------------------------------------------------
DROP TABLE IF EXISTS `mydb`.`orders` ;

CREATE TABLE IF NOT EXISTS `mydb`.`orders` (
  `id` INT UNSIGNED NOT NULL,
  `date` VARCHAR(45) NOT NULL,
  `active` TINYINT NOT NULL,
  `tour_id` INT UNSIGNED NOT NULL,
  `user_id` INT UNSIGNED NOT NULL,
  PRIMARY KEY (`id`),
  INDEX `fk_orders_users1_idx` (`user_id` ASC),
  INDEX `fk_orders_tours1_idx` (`tour_id` ASC),
  CONSTRAINT `fk_orders_users1`
    FOREIGN KEY (`user_id`)
    REFERENCES `mydb`.`users` (`id`)
    ON DELETE NO ACTION
    ON UPDATE NO ACTION,
  CONSTRAINT `fk_orders_tours1`
    FOREIGN KEY (`tour_id`)
    REFERENCES `mydb`.`tours` (`id`)
    ON DELETE NO ACTION
    ON UPDATE NO ACTION)
ENGINE = InnoDB;

INSERT INTO `orders` (`id`,`date`,`active`,`tour_id`,`user_id`) VALUES (1,"02/17/2017","1",60,76),(2,"06/06/2018","1",37,11),(3,"07/27/2018","0",24,82),(4,"03/17/2017","0",18,90),(5,"08/27/2017","1",48,82),(6,"11/01/2018","0",64,2),(7,"11/05/2018","1",94,54),(8,"08/31/2018","1",18,60),(9,"01/08/2017","0",20,22),(10,"03/24/2017","0",41,85);
INSERT INTO `orders` (`id`,`date`,`active`,`tour_id`,`user_id`) VALUES (11,"10/20/2017","0",98,24),(12,"02/06/2017","1",66,50),(13,"04/19/2017","1",85,98),(14,"07/10/2018","0",50,74),(15,"04/14/2017","1",21,50),(16,"12/23/2017","0",91,52),(17,"03/22/2018","0",36,59),(18,"03/11/2018","0",89,50),(19,"01/16/2018","1",86,94),(20,"06/08/2018","1",83,31);
INSERT INTO `orders` (`id`,`date`,`active`,`tour_id`,`user_id`) VALUES (21,"08/31/2017","1",82,6),(22,"09/23/2018","0",10,66),(23,"09/08/2018","1",85,50),(24,"11/20/2018","0",16,95),(25,"07/27/2018","0",59,12),(26,"10/28/2018","0",68,92),(27,"02/19/2017","0",46,31),(28,"07/16/2017","1",74,72),(29,"10/22/2017","0",29,98),(30,"05/27/2018","0",96,98);
INSERT INTO `orders` (`id`,`date`,`active`,`tour_id`,`user_id`) VALUES (31,"04/08/2018","1",100,57),(32,"06/20/2018","1",16,14),(33,"09/29/2018","0",33,55),(34,"06/08/2017","1",89,26),(35,"02/08/2018","0",9,37),(36,"03/06/2017","1",68,33),(37,"01/28/2017","0",56,34),(38,"06/21/2017","1",90,47),(39,"03/15/2017","0",30,54),(40,"10/15/2017","0",30,37);
INSERT INTO `orders` (`id`,`date`,`active`,`tour_id`,`user_id`) VALUES (41,"12/14/2018","0",22,33),(42,"01/02/2017","1",47,11),(43,"11/23/2018","0",22,7),(44,"01/25/2018","0",44,53),(45,"04/22/2017","1",88,1),(46,"11/05/2018","0",8,34),(47,"10/15/2017","0",26,85),(48,"11/01/2017","1",52,69),(49,"08/17/2018","0",61,98),(50,"10/24/2017","0",17,58);
INSERT INTO `orders` (`id`,`date`,`active`,`tour_id`,`user_id`) VALUES (51,"03/05/2018","1",32,85),(52,"12/20/2017","0",2,17),(53,"11/16/2018","1",51,59),(54,"08/25/2017","0",70,68),(55,"03/18/2018","0",62,48),(56,"07/20/2018","1",90,77),(57,"05/23/2018","1",14,71),(58,"07/27/2017","1",17,81),(59,"07/06/2017","0",86,44),(60,"03/29/2017","1",52,27);
INSERT INTO `orders` (`id`,`date`,`active`,`tour_id`,`user_id`) VALUES (61,"06/03/2018","0",92,61),(62,"09/26/2018","1",5,27),(63,"01/02/2018","1",55,20),(64,"08/24/2018","1",24,14),(65,"05/13/2018","1",26,95),(66,"02/16/2017","1",42,53),(67,"07/13/2018","0",27,44),(68,"04/11/2017","1",93,35),(69,"01/04/2018","1",77,13),(70,"03/28/2018","1",80,6);
INSERT INTO `orders` (`id`,`date`,`active`,`tour_id`,`user_id`) VALUES (71,"08/17/2017","0",50,69),(72,"05/19/2017","1",77,77),(73,"06/25/2017","0",70,95),(74,"10/05/2017","0",29,24),(75,"09/22/2017","1",69,48),(76,"01/19/2017","1",87,42),(77,"10/18/2018","0",28,37),(78,"03/15/2018","0",86,8),(79,"09/01/2018","1",35,78),(80,"02/17/2018","1",30,8);
INSERT INTO `orders` (`id`,`date`,`active`,`tour_id`,`user_id`) VALUES (81,"05/30/2018","0",60,65),(82,"03/31/2017","0",71,85),(83,"10/01/2017","1",29,78),(84,"05/04/2018","0",86,94),(85,"11/05/2018","1",18,32),(86,"12/23/2016","0",21,34),(87,"03/24/2017","1",27,42),(88,"04/03/2018","0",99,20),(89,"05/21/2018","1",3,84),(90,"09/01/2017","0",7,26);
INSERT INTO `orders` (`id`,`date`,`active`,`tour_id`,`user_id`) VALUES (91,"03/15/2018","1",39,80),(92,"05/22/2017","0",83,2),(93,"04/05/2017","1",37,59),(94,"09/30/2017","0",40,68),(95,"07/24/2018","1",73,88),(96,"04/25/2017","0",85,10),(97,"09/29/2018","0",14,77),(98,"08/09/2017","0",72,6),(99,"08/19/2017","0",38,35),(100,"09/06/2018","1",90,64);

-- -----------------------------------------------------
-- Table `mydb`.`permission_names`
-- -----------------------------------------------------
DROP TABLE IF EXISTS `mydb`.`permission_names` ;

CREATE TABLE IF NOT EXISTS `mydb`.`permission_names` (
  `id` INT UNSIGNED NOT NULL,
  `name` VARCHAR(45) NOT NULL,
  PRIMARY KEY (`id`))
ENGINE = InnoDB;

INSERT INTO `permission_names` (`id`,`name`) VALUES (1,"agent"),(2,"user"),(3,"admin");
-- -----------------------------------------------------
-- Table `mydb`.`permissions`
-- -----------------------------------------------------
DROP TABLE IF EXISTS `mydb`.`permissions` ;

CREATE TABLE IF NOT EXISTS `mydb`.`permissions` (
  `id` INT UNSIGNED NOT NULL,
  `user_id` INT UNSIGNED NOT NULL,
  `permission_name_id` INT UNSIGNED NOT NULL,
  PRIMARY KEY (`id`),
  INDEX `fk_permissions_permission_names_idx` (`permission_name_id` ASC),
  INDEX `fk_permissions_users1_idx` (`user_id` ASC),
  CONSTRAINT `fk_permissions_permission_names`
    FOREIGN KEY (`permission_name_id`)
    REFERENCES `mydb`.`permission_names` (`id`)
    ON DELETE NO ACTION
    ON UPDATE NO ACTION,
  CONSTRAINT `fk_permissions_users1`
    FOREIGN KEY (`user_id`)
    REFERENCES `mydb`.`users` (`id`)
    ON DELETE NO ACTION
    ON UPDATE NO ACTION)
ENGINE = InnoDB;

INSERT INTO `permissions` (`id`,`user_id`,`permission_name_id`) VALUES (1,49,2),(2,21,3),(3,78,3),(4,80,2),(5,83,1),(6,43,1),(7,8,2),(8,95,1),(9,91,1),(10,93,1);
INSERT INTO `permissions` (`id`,`user_id`,`permission_name_id`) VALUES (11,43,1),(12,65,3),(13,42,2),(14,39,2),(15,56,3),(16,61,3),(17,78,3),(18,45,1),(19,96,2),(20,16,2);
INSERT INTO `permissions` (`id`,`user_id`,`permission_name_id`) VALUES (21,48,2),(22,41,2),(23,6,3),(24,19,1),(25,38,1),(26,31,2),(27,38,2),(28,78,1),(29,2,2),(30,86,2);
INSERT INTO `permissions` (`id`,`user_id`,`permission_name_id`) VALUES (31,26,1),(32,12,1),(33,99,1),(34,6,2),(35,6,2),(36,38,3),(37,80,1),(38,90,3),(39,11,2),(40,26,3);
INSERT INTO `permissions` (`id`,`user_id`,`permission_name_id`) VALUES (41,12,1),(42,24,1),(43,52,1),(44,93,1),(45,74,3),(46,12,1),(47,89,2),(48,39,2),(49,13,2),(50,52,3);
INSERT INTO `permissions` (`id`,`user_id`,`permission_name_id`) VALUES (51,78,3),(52,89,1),(53,40,3),(54,52,2),(55,20,2),(56,5,2),(57,70,2),(58,22,3),(59,57,3),(60,88,3);
INSERT INTO `permissions` (`id`,`user_id`,`permission_name_id`) VALUES (61,52,3),(62,25,2),(63,24,2),(64,21,3),(65,33,3),(66,44,3),(67,76,1),(68,29,2),(69,22,3),(70,4,3);
INSERT INTO `permissions` (`id`,`user_id`,`permission_name_id`) VALUES (71,77,3),(72,77,3),(73,68,1),(74,72,2),(75,62,1),(76,79,3),(77,46,1),(78,58,3),(79,51,2),(80,39,3);
INSERT INTO `permissions` (`id`,`user_id`,`permission_name_id`) VALUES (81,12,3),(82,75,1),(83,80,3),(84,4,2),(85,70,1),(86,56,1),(87,53,1),(88,91,2),(89,30,1),(90,96,1);
INSERT INTO `permissions` (`id`,`user_id`,`permission_name_id`) VALUES (91,23,1),(92,50,1),(93,20,2),(94,41,3),(95,75,1),(96,16,3),(97,81,1),(98,17,2),(99,45,3),(100,24,3);

USE `mydb` ;

-- -----------------------------------------------------
-- Placeholder table for view `mydb`.`view1`
-- -----------------------------------------------------
CREATE TABLE IF NOT EXISTS `mydb`.`view1` (`id` INT);

-- -----------------------------------------------------
-- Placeholder table for view `mydb`.`view2`
-- -----------------------------------------------------
CREATE TABLE IF NOT EXISTS `mydb`.`view2` (`id` INT);

-- -----------------------------------------------------
-- View `mydb`.`view1`
-- -----------------------------------------------------
DROP VIEW IF EXISTS `mydb`.`view1` ;
DROP TABLE IF EXISTS `mydb`.`view1`;
USE `mydb`;


-- -----------------------------------------------------
-- View `mydb`.`view2`
-- -----------------------------------------------------
DROP VIEW IF EXISTS `mydb`.`view2` ;
DROP TABLE IF EXISTS `mydb`.`view2`;
USE `mydb`;


SET SQL_MODE=@OLD_SQL_MODE;
SET FOREIGN_KEY_CHECKS=@OLD_FOREIGN_KEY_CHECKS;
SET UNIQUE_CHECKS=@OLD_UNIQUE_CHECKS;
